feature,coefficient,absolute_coefficient,direction
numeric__activity_delay_days,9.013324111637292,9.013324111637292,positive
categorical__actual_start_date_2022-08-08,3.088669471281628,3.088669471281628,positive
categorical__actual_start_date_2025-12-05,-3.0721909776360983,3.0721909776360983,negative
categorical__actual_start_date_2026-01-14,2.890774796911323,2.890774796911323,positive
categorical__actual_start_date_2026-05-31,2.7190967492315115,2.7190967492315115,positive
categorical__actual_start_date_2025-10-18,2.693240590184605,2.693240590184605,positive
categorical__actual_start_date_2021-05-29,2.660636656958029,2.660636656958029,positive
categorical__actual_start_date_2026-01-27,2.3807752092399217,2.3807752092399217,positive
categorical__actual_start_date_2018-07-08,2.372986410393716,2.372986410393716,positive
categorical__project_complexity_VERY_HIGH,2.323804167620931,2.323804167620931,positive
categorical__actual_start_date_2025-05-15,2.249199478810432,2.249199478810432,positive
categorical__actual_start_date_2025-08-30,2.1634885299404036,2.1634885299404036,positive
categorical__actual_start_date_2026-04-16,-2.1618355375773306,2.1618355375773306,negative
categorical__actual_start_date_2020-08-16,-1.9874523432950557,1.9874523432950557,negative
categorical__actual_start_date_2023-02-18,1.985732091816652,1.985732091816652,positive
categorical__actual_start_date_2023-01-29,1.9379509782588975,1.9379509782588975,positive
categorical__actual_start_date_2020-06-21,-1.7897318833402012,1.7897318833402012,negative
categorical__actual_start_date_2019-11-16,-1.7538563753590537,1.7538563753590537,negative
categorical__actual_start_date_2023-05-15,-1.7435837049483807,1.7435837049483807,negative
categorical__actual_start_date_2019-07-24,1.5721124759397498,1.5721124759397498,positive
categorical__actual_start_date_2017-01-18,1.567247254190801,1.567247254190801,positive
categorical__project_complexity_HIGH,1.555536746867183,1.555536746867183,positive
categorical__actual_start_date_2025-12-29,-1.5490510782520257,1.5490510782520257,negative
categorical__actual_start_date_2018-07-19,-1.4681162577722375,1.4681162577722375,negative
categorical__actual_start_date_2020-11-17,-1.4064280664407685,1.4064280664407685,negative
categorical__actual_start_date_2021-02-04,1.3980075013751998,1.3980075013751998,positive
categorical__actual_start_date_2017-04-29,1.381055390721999,1.381055390721999,positive
categorical__actual_start_date_2024-04-06,-1.3565974993969026,1.3565974993969026,negative
categorical__actual_start_date_2021-07-18,1.3096233833091921,1.3096233833091921,positive
categorical__actual_start_date_2017-03-27,-1.251885426906473,1.251885426906473,negative
categorical__actual_start_date_2022-09-22,-1.2487049530721777,1.2487049530721777,negative
categorical__actual_start_date_2020-10-23,-1.2273687678170415,1.2273687678170415,negative
categorical__actual_start_date_2017-10-27,-1.1914339231177797,1.1914339231177797,negative
categorical__actual_start_date_2018-03-13,-1.1780557809301726,1.1780557809301726,negative
categorical__actual_start_date_2024-11-16,-1.1467360853560562,1.1467360853560562,negative
categorical__actual_start_date_2019-06-12,1.1434879179916788,1.1434879179916788,positive
categorical__actual_start_date_2024-06-21,-1.1366357322315939,1.1366357322315939,negative
categorical__actual_start_date_2026-01-30,-1.105277622488948,1.105277622488948,negative
categorical__actual_start_date_2021-09-30,1.1022531111402358,1.1022531111402358,positive
categorical__actual_start_date_2024-02-08,-1.0613609179437051,1.0613609179437051,negative
categorical__actual_start_date_2022-01-07,1.052565115693051,1.052565115693051,positive
categorical__actual_start_date_2020-03-10,-1.044069032601773,1.044069032601773,negative
numeric__delayed_activity_count,1.031162655579823,1.031162655579823,positive
categorical__actual_start_date_2019-12-29,0.9809297120541008,0.9809297120541008,positive
categorical__actual_start_date_2019-11-30,-0.9555253520264457,0.9555253520264457,negative
categorical__actual_start_date_2022-03-02,-0.9488338524553995,0.9488338524553995,negative
categorical__actual_start_date_2018-12-01,-0.9311137458365907,0.9311137458365907,negative
categorical__actual_start_date_2017-03-04,0.9267160186901883,0.9267160186901883,positive
categorical__actual_start_date_2025-04-05,-0.9256809046973844,0.9256809046973844,negative
categorical__actual_start_date_2021-06-17,-0.8831107076586954,0.8831107076586954,negative
categorical__actual_start_date_2019-11-25,0.8810866855257972,0.8810866855257972,positive
categorical__actual_start_date_2021-06-02,0.8434504089308299,0.8434504089308299,positive
categorical__actual_start_date_2017-06-16,-0.8093386985976561,0.8093386985976561,negative
numeric__activity_delay_days_rolling_30d,-0.7932426361584989,0.7932426361584989,negative
categorical__actual_start_date_2018-12-22,-0.7819336806054336,0.7819336806054336,negative
categorical__actual_start_date_2017-03-13,0.7572151433096479,0.7572151433096479,positive
categorical__actual_start_date_2019-07-31,0.7571602611835401,0.7571602611835401,positive
categorical__actual_start_date_2020-08-13,-0.7507548908550324,0.7507548908550324,negative
categorical__actual_start_date_2019-05-16,-0.7396593833605107,0.7396593833605107,negative
numeric__activity_delay_days_rolling_14d,0.6970301648554492,0.6970301648554492,positive
categorical__actual_start_date_2018-08-02,-0.6969313698941454,0.6969313698941454,negative
categorical__actual_start_date_2023-06-11,0.6936945771460516,0.6936945771460516,positive
categorical__actual_start_date_2021-05-31,0.6902640654434964,0.6902640654434964,positive
categorical__actual_start_date_2018-07-16,0.6854389377894998,0.6854389377894998,positive
categorical__actual_start_date_2024-08-20,-0.6833887917577087,0.6833887917577087,negative
categorical__actual_start_date_2017-12-19,-0.6803906364299853,0.6803906364299853,negative
numeric__equipment_failure_count_rolling_30d,0.6788236186778298,0.6788236186778298,positive
categorical__actual_start_date_2021-09-11,-0.6731763275891742,0.6731763275891742,negative
numeric__equipment_downtime_hours_rolling_30d,-0.6497107782638608,0.6497107782638608,negative
categorical__actual_start_date_2023-05-04,0.6485783297357076,0.6485783297357076,positive
categorical__actual_start_date_2018-01-02,-0.648494498355776,0.648494498355776,negative
categorical__actual_start_date_2021-04-26,0.6169648706491129,0.6169648706491129,positive
categorical__actual_start_date_2017-06-04,0.6166671276027365,0.6166671276027365,positive
categorical__actual_start_date_2019-10-21,-0.600403330063798,0.600403330063798,negative
numeric__planned_duration_days,-0.5881011885594019,0.5881011885594019,negative
categorical__actual_start_date_2023-02-01,-0.577712816267158,0.577712816267158,negative
categorical__actual_start_date_2018-06-16,-0.574012201775094,0.574012201775094,negative
categorical__actual_start_date_2017-11-30,-0.5717518478526323,0.5717518478526323,negative
categorical__actual_start_date_2017-08-03,-0.5698250110504373,0.5698250110504373,negative
categorical__actual_start_date_2017-10-11,-0.5663416962718527,0.5663416962718527,negative
categorical__actual_start_date_2020-07-06,0.5596567452347686,0.5596567452347686,positive
numeric__planned_progress_pct,-0.5549200348783898,0.5549200348783898,negative
categorical__actual_start_date_2019-10-08,-0.5541297735380285,0.5541297735380285,negative
categorical__actual_start_date_2022-11-10,-0.544940860534397,0.544940860534397,negative
numeric__activity_delay_days_lag_7,0.5443702646082614,0.5443702646082614,positive
categorical__actual_start_date_2022-06-10,0.5337917199735832,0.5337917199735832,positive
categorical__actual_start_date_2024-12-10,-0.5271823632344619,0.5271823632344619,negative
categorical__actual_start_date_2022-04-21,-0.5150136957394718,0.5150136957394718,negative
categorical__actual_start_date_2019-02-02,0.4967075836331142,0.4967075836331142,positive
categorical__actual_start_date_2020-05-25,-0.4895642729042344,0.4895642729042344,negative
numeric__delayed_activity_count_lag_7,-0.48655895260858373,0.48655895260858373,negative
categorical__actual_start_date_2018-01-18,0.4748535018302523,0.4748535018302523,positive
categorical__actual_start_date_2022-04-19,0.4712630918841223,0.4712630918841223,positive
categorical__actual_start_date_2018-06-02,0.4664992256500668,0.4664992256500668,positive
categorical__actual_start_date_2021-12-23,0.45564141304133593,0.45564141304133593,positive
categorical__actual_start_date_2026-02-24,-0.45360060923638645,0.45360060923638645,negative
numeric__elapsed_days,0.44991081823485557,0.44991081823485557,positive
categorical__actual_start_date_2022-02-23,-0.446973560269783,0.446973560269783,negative
numeric__activity_delay_days_lag_1,0.44214476765083194,0.44214476765083194,positive
categorical__actual_start_date_2024-01-28,0.4410420135403879,0.4410420135403879,positive
categorical__actual_start_date_2021-05-05,-0.42916322643952737,0.42916322643952737,negative
categorical__actual_start_date_2025-10-24,0.4260813921910102,0.4260813921910102,positive
categorical__actual_start_date_2024-04-02,0.4251273265161462,0.4251273265161462,positive
numeric__active_activity_count_lag_7,-0.4187847014910387,0.4187847014910387,negative
categorical__actual_start_date_2019-08-20,0.4078552730813439,0.4078552730813439,positive
numeric__material_stockout_count_rolling_30d,0.38917831071729186,0.38917831071729186,positive
categorical__actual_start_date_2022-11-21,-0.3880282214207851,0.3880282214207851,negative
categorical__actual_start_date_2018-11-16,0.385022713773198,0.385022713773198,positive
categorical__actual_start_date_2018-07-05,-0.3836491919440726,0.3836491919440726,negative
categorical__actual_start_date_2022-10-22,-0.3832995077864646,0.3832995077864646,negative
categorical__actual_start_date_2018-07-20,-0.35361330903420896,0.35361330903420896,negative
categorical__project_complexity_LOW,-0.3506281102389705,0.3506281102389705,negative
numeric__material_stockout_count_rolling_14d,-0.32705101916369783,0.32705101916369783,negative
numeric__active_activity_count,0.32559367622642643,0.32559367622642643,positive
categorical__actual_start_date_2025-09-12,0.323807934261796,0.323807934261796,positive
categorical__actual_start_date_2022-06-27,-0.3228989117182109,0.3228989117182109,negative
categorical__actual_start_date_2026-05-28,0.31082964872258356,0.31082964872258356,positive
categorical__actual_start_date_2023-09-20,0.31036584994868693,0.31036584994868693,positive
numeric__activity_delay_days_rolling_7d,-0.30941601399301566,0.30941601399301566,negative
categorical__actual_start_date_2020-10-12,0.3003422766720931,0.3003422766720931,positive
categorical__actual_start_date_2026-01-18,-0.29849765031695685,0.29849765031695685,negative
categorical__actual_start_date_2022-12-22,-0.29703150785858784,0.29703150785858784,negative
categorical__actual_start_date_2022-06-18,0.29614655024221687,0.29614655024221687,positive
numeric__delayed_activity_count_lag_1,-0.28336969195783296,0.28336969195783296,negative
categorical__actual_start_date_2017-10-08,0.2654075126380305,0.2654075126380305,positive
categorical__actual_start_date_2019-05-27,0.2587182451944518,0.2587182451944518,positive
numeric__operational_risk_score,-0.2567546181187298,0.2567546181187298,negative
categorical__actual_start_date_2018-04-02,-0.25473436342707756,0.25473436342707756,negative
categorical__actual_start_date_2018-09-19,-0.2531679076058314,0.2531679076058314,negative
categorical__actual_start_date_2017-09-25,0.24863097378281937,0.24863097378281937,positive
categorical__actual_start_date_2018-04-18,0.24670157352730343,0.24670157352730343,positive
numeric__material_records,-0.24215073731302653,0.24215073731302653,negative
numeric__delay_signal_flag,0.240040723572836,0.240040723572836,positive
numeric__daily_activity_intensity,0.2370127277987933,0.2370127277987933,positive
categorical__actual_start_date_2020-06-16,0.2323525649075302,0.2323525649075302,positive
categorical__actual_start_date_2017-09-17,-0.2238267922735126,0.2238267922735126,negative
categorical__actual_start_date_2019-05-02,-0.21900379750542345,0.21900379750542345,negative
categorical__actual_start_date_2024-02-10,0.21397661725143965,0.21397661725143965,positive
numeric__critical_activity_count,-0.21084278433006096,0.21084278433006096,negative
numeric__material_stockout_count_lag_7,0.20532895024227588,0.20532895024227588,positive
categorical__actual_start_date_2020-02-23,-0.2022635611262317,0.2022635611262317,negative
numeric__equipment_downtime_hours_rolling_7d,-0.19410813725279016,0.19410813725279016,negative
categorical__actual_start_date_2022-08-12,-0.1916501487207374,0.1916501487207374,negative
numeric__actual_material_quantity,0.19019958147206528,0.19019958147206528,positive
numeric__contract_value,-0.1896438342746804,0.1896438342746804,negative
categorical__actual_start_date_2024-08-16,-0.18015349994448093,0.18015349994448093,negative
categorical__actual_start_date_2017-08-24,0.17971994301613786,0.17971994301613786,positive
categorical__actual_start_date_2023-12-13,-0.17852095533688966,0.17852095533688966,negative
categorical__actual_start_date_2021-07-29,-0.17657606769458659,0.17657606769458659,negative
categorical__actual_start_date_2018-05-18,-0.17546556291413024,0.17546556291413024,negative
numeric__equipment_downtime_hours_rolling_14d,0.16714352318645753,0.16714352318645753,positive
categorical__actual_start_date_2020-07-29,0.16673701366778623,0.16673701366778623,positive
numeric__equipment_downtime_hours_lag_7,0.1658738218115284,0.1658738218115284,positive
categorical__actual_start_date_2022-09-16,0.16242863313100825,0.16242863313100825,positive
categorical__actual_start_date_2025-10-13,0.1546720538572548,0.1546720538572548,positive
categorical__actual_start_date_2022-09-30,-0.1509538233482722,0.1509538233482722,negative
numeric__equipment_downtime_hours_lag_1,0.13762841615180316,0.13762841615180316,positive
categorical__actual_start_date_2021-03-30,0.13157017681756047,0.13157017681756047,positive
categorical__actual_start_date_2025-02-15,-0.13040069944709662,0.13040069944709662,negative
numeric__planned_material_quantity,-0.12983201943897485,0.12983201943897485,negative
numeric__delivery_count_rolling_30d,-0.12381255078046155,0.12381255078046155,negative
numeric__cost_variance_lag_7,0.11667440697419679,0.11667440697419679,positive
numeric__cost_variance_pct_rolling_7d,0.1132491984109948,0.1132491984109948,positive
categorical__actual_start_date_2017-07-11,0.10945830455004493,0.10945830455004493,positive
numeric__equipment_failure_count_rolling_7d,-0.10574771488875861,0.10574771488875861,negative
categorical__actual_start_date_2017-12-13,-0.09753575544599855,0.09753575544599855,negative
categorical__actual_start_date_2018-12-19,0.09705780067366691,0.09705780067366691,positive
categorical__actual_start_date_2020-04-02,0.0967873671847837,0.0967873671847837,positive
categorical__actual_start_date_2023-02-05,0.09472997379602241,0.09472997379602241,positive
categorical__actual_start_date_2017-06-06,0.09140700681732893,0.09140700681732893,positive
categorical__actual_start_date_2020-11-10,0.09102881359173814,0.09102881359173814,positive
categorical__project_complexity_MEDIUM,0.08989525609472926,0.08989525609472926,positive
categorical__actual_start_date_2025-05-02,0.0824619567859338,0.0824619567859338,positive
numeric__active_activity_count_lag_1,0.08208127310376649,0.08208127310376649,positive
numeric__cost_variance_pct_lag_7,-0.07576954606911514,0.07576954606911514,negative
numeric__material_stockout_count,0.07012620411528855,0.07012620411528855,positive
numeric__cost_variance_rolling_7d,-0.05730518856918428,0.05730518856918428,negative
categorical__actual_start_date_2018-10-22,0.056862050779082914,0.056862050779082914,positive
numeric__material_stockout_count_rolling_7d,-0.05441139612598492,0.05441139612598492,negative
categorical__actual_start_date_2020-02-24,-0.054020448294652135,0.054020448294652135,negative
numeric__equipment_maintenance_cost_lag_7,0.0523431203311717,0.0523431203311717,positive
categorical__actual_start_date_2018-02-02,0.05232758090881989,0.05232758090881989,positive
numeric__cost_variance_pct_rolling_14d,-0.05111146241447389,0.05111146241447389,negative
numeric__material_stockout_count_lag_1,0.050974913155972704,0.050974913155972704,positive
numeric__equipment_maintenance_count,-0.048587184632392276,0.048587184632392276,negative
numeric__baseline_activity_cost,0.04567726507910063,0.04567726507910063,positive
numeric__actual_activity_cost,0.045453921983720016,0.045453921983720016,positive
numeric__cost_variance_rolling_30d,0.03949415242029244,0.03949415242029244,positive
numeric__equipment_failure_count_rolling_14d,-0.03228889249699437,0.03228889249699437,negative
numeric__cost_variance_lag_1,0.03167437862784477,0.03167437862784477,positive
categorical__actual_start_date_2018-12-29,0.0312443190716755,0.0312443190716755,positive
categorical__actual_start_date_2023-04-20,-0.030951744197289868,0.030951744197289868,negative
numeric__delivery_count_rolling_7d,0.03064564620606354,0.03064564620606354,positive
numeric__equipment_failure_count,0.028551199806451155,0.028551199806451155,positive
categorical__actual_start_date_2022-10-29,0.025179829990994433,0.025179829990994433,positive
numeric__cost_variance_pct_lag_1,-0.024896520984932464,0.024896520984932464,negative
numeric__critical_activity_count_lag_1,-0.022573148760120555,0.022573148760120555,negative
numeric__equipment_failure_count_lag_7,-0.021825487903405275,0.021825487903405275,negative
numeric__progress_productivity_index,0.02020722216717504,0.02020722216717504,positive
numeric__equipment_maintenance_cost_lag_1,-0.02018406889279032,0.02018406889279032,negative
numeric__cost_variance_pct_rolling_30d,0.016858214145618864,0.016858214145618864,positive
categorical__actual_start_date_2024-08-04,0.01647809458256274,0.01647809458256274,positive
categorical__actual_start_date_2023-08-31,0.01609382948647668,0.01609382948647668,positive
numeric__equipment_failure_count_lag_1,0.015558015361842982,0.015558015361842982,positive
numeric__cost_variance_rolling_14d,-0.015524187699509709,0.015524187699509709,negative
numeric__delivery_count_lag_1,0.010944496088824708,0.010944496088824708,positive
numeric__critical_activity_count_lag_7,-0.010557025815645967,0.010557025815645967,negative
numeric__equipment_operating_hours,0.00962347379163829,0.00962347379163829,positive
numeric__material_availability_ratio,-0.00900200388224673,0.00900200388224673,negative
numeric__cost_variance_pct,-0.008543210406371776,0.008543210406371776,negative
categorical__actual_start_date_2020-06-15,0.008038423316177802,0.008038423316177802,positive
categorical__actual_start_date_2024-07-01,-0.00800261148558623,0.00800261148558623,negative
numeric__delivery_count,0.007641981001938478,0.007641981001938478,positive
numeric__delivery_count_rolling_14d,0.00572725320208147,0.00572725320208147,positive
numeric__delivery_count_lag_7,-0.005708672457040694,0.005708672457040694,negative
numeric__cost_variance,0.005648492795886298,0.005648492795886298,positive
numeric__equipment_maintenance_cost,-0.0044829805043810735,0.0044829805043810735,negative
numeric__equipment_downtime_hours,-0.0042516025813086515,0.0042516025813086515,negative
numeric__delivered_quantity,0.002680553214670366,0.002680553214670366,positive
numeric__missingindicator_equipment_downtime_hours_lag_7,0.0019752474163403154,0.0019752474163403154,positive
numeric__missingindicator_delayed_activity_count_lag_7,0.00197524741543321,0.00197524741543321,positive
numeric__missingindicator_critical_activity_count_lag_7,0.00197524741543321,0.00197524741543321,positive
numeric__missingindicator_material_stockout_count_lag_7,0.00197524741543321,0.00197524741543321,positive
numeric__missingindicator_equipment_failure_count_lag_7,0.00197524741543321,0.00197524741543321,positive
numeric__missingindicator_cost_variance_lag_7,0.00197524741543321,0.00197524741543321,positive
numeric__missingindicator_equipment_maintenance_cost_lag_7,0.00197524741543321,0.00197524741543321,positive
numeric__missingindicator_cost_variance_pct_lag_7,0.00197524741543321,0.00197524741543321,positive
numeric__missingindicator_delivery_count_lag_7,0.00197524741543321,0.00197524741543321,positive
numeric__missingindicator_activity_delay_days_lag_7,0.00197524741543321,0.00197524741543321,positive
numeric__missingindicator_active_activity_count_lag_7,0.00197524741543321,0.00197524741543321,positive
numeric__missingindicator_delivery_count_rolling_30d,7.364561169358273e-05,7.364561169358273e-05,positive
numeric__missingindicator_activity_delay_days_rolling_7d,7.364561128511337e-05,7.364561128511337e-05,positive
numeric__missingindicator_activity_delay_days_rolling_14d,7.364561128511337e-05,7.364561128511337e-05,positive
numeric__missingindicator_activity_delay_days_rolling_30d,7.364561128511337e-05,7.364561128511337e-05,positive
numeric__missingindicator_material_stockout_count_rolling_7d,7.364561128511337e-05,7.364561128511337e-05,positive
numeric__missingindicator_material_stockout_count_rolling_14d,7.364561128511337e-05,7.364561128511337e-05,positive
numeric__missingindicator_material_stockout_count_rolling_30d,7.364561128511337e-05,7.364561128511337e-05,positive
numeric__missingindicator_delivery_count_rolling_7d,7.364561128511337e-05,7.364561128511337e-05,positive
numeric__missingindicator_delivery_count_rolling_14d,7.364561128511337e-05,7.364561128511337e-05,positive
numeric__missingindicator_cost_variance_pct_rolling_30d,7.364561128511337e-05,7.364561128511337e-05,positive
numeric__missingindicator_cost_variance_rolling_30d,7.364561128511337e-05,7.364561128511337e-05,positive
numeric__missingindicator_cost_variance_pct_rolling_7d,7.364561128511337e-05,7.364561128511337e-05,positive
numeric__missingindicator_equipment_maintenance_cost_lag_1,7.364561128511337e-05,7.364561128511337e-05,positive
numeric__missingindicator_equipment_failure_count_lag_1,7.364561128511337e-05,7.364561128511337e-05,positive
numeric__missingindicator_cost_variance_lag_1,7.364561128511337e-05,7.364561128511337e-05,positive
numeric__missingindicator_cost_variance_pct_lag_1,7.364561128511337e-05,7.364561128511337e-05,positive
numeric__missingindicator_cost_variance_rolling_14d,7.364561128511337e-05,7.364561128511337e-05,positive
numeric__missingindicator_cost_variance_rolling_7d,7.364561128511337e-05,7.364561128511337e-05,positive
numeric__missingindicator_equipment_downtime_hours_rolling_7d,7.364561128511337e-05,7.364561128511337e-05,positive
numeric__missingindicator_equipment_downtime_hours_rolling_14d,7.364561128511337e-05,7.364561128511337e-05,positive
numeric__missingindicator_equipment_downtime_hours_rolling_30d,7.364561128511337e-05,7.364561128511337e-05,positive
numeric__missingindicator_equipment_failure_count_rolling_7d,7.364561128511337e-05,7.364561128511337e-05,positive
numeric__missingindicator_equipment_failure_count_rolling_14d,7.364561128511337e-05,7.364561128511337e-05,positive
numeric__missingindicator_equipment_failure_count_rolling_30d,7.364561128511337e-05,7.364561128511337e-05,positive
numeric__missingindicator_cost_variance_pct_rolling_14d,7.364561128511337e-05,7.364561128511337e-05,positive
numeric__missingindicator_material_stockout_count_lag_1,7.364561128511337e-05,7.364561128511337e-05,positive
numeric__missingindicator_active_activity_count_lag_1,7.364561128511337e-05,7.364561128511337e-05,positive
numeric__missingindicator_delayed_activity_count_lag_1,7.364561128511337e-05,7.364561128511337e-05,positive
numeric__missingindicator_delivery_count_lag_1,7.364561128511337e-05,7.364561128511337e-05,positive
numeric__missingindicator_activity_delay_days_lag_1,7.364561128511337e-05,7.364561128511337e-05,positive
numeric__missingindicator_equipment_downtime_hours_lag_1,7.364561128511337e-05,7.364561128511337e-05,positive
numeric__missingindicator_critical_activity_count_lag_1,7.364561128511337e-05,7.364561128511337e-05,positive
