equipment_id,equipment_type,operating_hours,downtime_hours,utilization_rate,maintenance_cost
EQP-00001,Welding Machine,1876,13.05,0.9931,9215.83
EQP-00002,Crane,4109,9.75,0.9976,2039.6
EQP-00003,Excavator,10313,15.8,0.9985,7580.62
EQP-00004,Concrete Pump,15653,71.73,0.9954,1063.0
EQP-00005,Compressor,1933,14.2,0.9927,2807.61
EQP-00006,Welding Machine,3388,18.66,0.9945,2476.41
EQP-00007,Welding Machine,13590,25.04,0.9982,4621.77
EQP-00008,Excavator,10976,45.74,0.9959,1830.42
EQP-00009,Forklift,8275,16.43,0.998,11553.77
EQP-00010,Excavator,9312,16.01,0.9983,6507.5
EQP-00011,Generator,18812,49.42,0.9974,3938.65
EQP-00012,Generator,16849,39.3,0.9977,3898.37
EQP-00013,Excavator,16671,35.11,0.9979,6358.49
EQP-00014,Concrete Pump,9484,25.74,0.9973,1384.85
EQP-00015,Excavator,841,88.75,0.9045,9527.47
EQP-00016,Compressor,17116,25.41,0.9985,6023.76
EQP-00017,Compressor,1902,58.3,0.9703,1711.59
EQP-00018,Excavator,19656,28.63,0.9985,765.14
EQP-00019,Crane,16451,47.89,0.9971,6826.6
EQP-00020,Compressor,2612,37.6,0.9858,2056.55
EQP-00021,Welding Machine,8417,19.0,0.9977,1885.44
EQP-00022,Concrete Pump,15453,47.55,0.9969,3025.99
EQP-00023,Excavator,18767,46.24,0.9975,2648.68
EQP-00024,Forklift,4851,31.32,0.9936,525.04
EQP-00025,Crane,6917,13.65,0.998,1005.69
EQP-00026,Forklift,9202,79.39,0.9914,7222.95
EQP-00027,Generator,15801,28.31,0.9982,1984.58
EQP-00028,Generator,2638,5.67,0.9979,3965.09
EQP-00029,Excavator,10983,8.2,0.9993,1579.1
EQP-00030,Generator,13299,33.9,0.9975,2236.74
EQP-00031,Crane,12612,38.18,0.997,15230.04
EQP-00032,Forklift,3845,43.42,0.9888,715.86
EQP-00033,Excavator,15890,14.68,0.9991,571.34
EQP-00034,Compressor,12287,27.92,0.9977,881.22
EQP-00035,Welding Machine,9395,59.99,0.9937,98384.15
EQP-00036,Manlift,8879,13.76,0.9985,4110.31
EQP-00037,Forklift,19080,23.72,0.9988,2517.57
EQP-00038,Welding Machine,7337,37.55,0.9949,860.24
EQP-00039,Crane,6382,22.29,0.9965,4174.81
EQP-00040,Concrete Pump,14632,36.81,0.9975,1637.37
EQP-00041,Excavator,19505,14.11,0.9993,38336.73
EQP-00042,Welding Machine,6268,60.01,0.9905,9116.92
EQP-00043,Forklift,12733,29.45,0.9977,1358.66
EQP-00044,Excavator,3695,22.91,0.9938,643.21
EQP-00045,Manlift,3115,92.99,0.971,2585.4
EQP-00046,Compressor,2408,79.7,0.968,1820.54
EQP-00047,Forklift,8263,45.67,0.9945,3714.06
EQP-00048,Manlift,205,9.02,0.9579,23585.77
EQP-00049,Excavator,17849,24.39,0.9986,789.61
EQP-00050,Forklift,5682,52.86,0.9908,2962.69
EQP-00051,Excavator,8730,42.83,0.9951,3323.26
EQP-00052,Concrete Pump,457,3.48,0.9924,1083.69
EQP-00053,Compressor,15347,15.41,0.999,8947.08
EQP-00054,Concrete Pump,1779,34.13,0.9812,5357.31
EQP-00055,Generator,1709,25.57,0.9853,5685.86
EQP-00056,Manlift,6343,29.5,0.9954,2278.72
EQP-00057,Compressor,11979,38.1,0.9968,3322.88
EQP-00058,Generator,15001,149.74,0.9901,1070.74
EQP-00059,Welding Machine,14792,8.03,0.9995,4353.46
EQP-00060,Crane,13304,17.83,0.9987,226.62
EQP-00061,Compressor,6751,12.74,0.9981,42329.96
EQP-00062,Generator,5868,15.43,0.9974,361.67
EQP-00063,Generator,5554,124.07,0.9781,799.4
EQP-00064,Welding Machine,16833,178.67,0.9895,1916.2
EQP-00065,Excavator,7221,100.85,0.9862,2220.9
EQP-00066,Manlift,18313,45.87,0.9975,2538.71
EQP-00067,Crane,9167,27.55,0.997,3938.69
EQP-00068,Crane,16636,47.05,0.9972,3592.18
EQP-00069,Forklift,16581,34.72,0.9979,1254.05
EQP-00070,Crane,10776,30.88,0.9971,19693.14
EQP-00071,Generator,18981,17.26,0.9991,4078.11
EQP-00072,Crane,17881,74.52,0.9958,5303.76
EQP-00073,Crane,13818,63.47,0.9954,786.41
EQP-00074,Welding Machine,6481,40.62,0.9938,2099.37
EQP-00075,Excavator,14806,27.24,0.9982,17427.25
EQP-00076,Generator,16690,27.58,0.9984,4252.2
EQP-00077,Excavator,1316,5.44,0.9959,23690.28
EQP-00078,Forklift,6830,60.98,0.9912,2769.47
EQP-00079,Concrete Pump,3740,25.42,0.9932,5998.03
EQP-00080,Generator,17098,73.91,0.9957,24166.47
EQP-00081,Concrete Pump,9836,59.61,0.994,3228.76
EQP-00082,Forklift,1542,65.97,0.959,7622.2
EQP-00083,Welding Machine,10115,35.18,0.9965,7339.62
EQP-00084,Concrete Pump,12475,55.99,0.9955,2750.83
EQP-00085,Manlift,19202,21.66,0.9989,6406.32
EQP-00086,Welding Machine,19933,13.41,0.9993,692.38
EQP-00087,Crane,1097,42.06,0.9631,6188.91
EQP-00088,Generator,9570,41.83,0.9956,4898.42
EQP-00089,Generator,10402,51.04,0.9951,17520.71
EQP-00090,Concrete Pump,9815,60.32,0.9939,7915.01
EQP-00091,Forklift,14637,39.72,0.9973,4123.31
EQP-00092,Forklift,15924,29.67,0.9981,4722.4
EQP-00093,Manlift,1816,12.79,0.993,17636.87
EQP-00094,Compressor,3602,16.29,0.9955,8211.26
EQP-00095,Generator,2884,80.77,0.9728,8186.03
EQP-00096,Crane,8533,136.79,0.9842,269.29
EQP-00097,Compressor,9615,22.86,0.9976,14349.36
EQP-00098,Welding Machine,14479,10.33,0.9993,1149.45
EQP-00099,Forklift,340,48.78,0.8745,547.13
EQP-00100,Manlift,7879,34.76,0.9956,5173.28
EQP-00101,Crane,960,37.03,0.9629,3924.73
EQP-00102,Crane,17282,18.25,0.9989,3774.91
EQP-00103,Excavator,16186,24.17,0.9985,2166.77
EQP-00104,Crane,208,59.67,0.7771,629.06
EQP-00105,Excavator,19267,2.09,0.9999,7326.99
EQP-00106,Manlift,19367,38.71,0.998,14665.06
EQP-00107,Crane,8986,17.15,0.9981,2649.96
EQP-00108,Concrete Pump,10842,35.77,0.9967,1460.77
EQP-00109,Concrete Pump,16285,15.26,0.9991,7818.92
EQP-00110,Manlift,10498,8.87,0.9992,855.21
EQP-00111,Crane,187,30.06,0.8615,9081.15
EQP-00112,Crane,7486,21.36,0.9972,1359.48
EQP-00113,Welding Machine,10905,28.68,0.9974,4602.28
EQP-00114,Manlift,5040,25.24,0.995,10728.58
EQP-00115,Concrete Pump,5224,71.19,0.9866,2546.91
EQP-00116,Generator,13848,113.35,0.9919,3239.77
EQP-00117,Forklift,18962,69.56,0.9963,4445.66
EQP-00118,Concrete Pump,8075,42.11,0.9948,442.53
EQP-00119,Compressor,18987,12.01,0.9994,2096.81
EQP-00120,Generator,9597,70.82,0.9927,4524.44
EQP-00121,Concrete Pump,11835,26.52,0.9978,6266.7
EQP-00122,Welding Machine,5001,69.04,0.9864,3003.72
EQP-00123,Forklift,10574,39.43,0.9963,3326.99
EQP-00124,Manlift,2652,31.89,0.9881,1169.84
EQP-00125,Forklift,4993,15.83,0.9968,6216.63
EQP-00126,Crane,1213,69.94,0.9455,2114.35
EQP-00127,Forklift,11349,25.98,0.9977,331.06
EQP-00128,Crane,18065,3.83,0.9998,15315.71
EQP-00129,Excavator,14212,17.99,0.9987,84.99
EQP-00130,Manlift,10084,143.02,0.986,1523.12
EQP-00131,Concrete Pump,15434,7.09,0.9995,3358.91
EQP-00132,Crane,6739,58.2,0.9914,6647.47
EQP-00133,Excavator,14258,62.3,0.9956,930.59
EQP-00134,Welding Machine,4089,81.09,0.9806,16068.01
EQP-00135,Generator,16874,86.78,0.9949,4063.8
EQP-00136,Generator,9646,24.84,0.9974,1740.14
EQP-00137,Crane,18820,7.05,0.9996,1561.61
EQP-00138,Compressor,19912,1.86,0.9999,393.96
EQP-00139,Welding Machine,16827,40.15,0.9976,2199.42
EQP-00140,Welding Machine,15909,38.87,0.9976,6961.98
EQP-00141,Forklift,17635,44.3,0.9975,4254.37
EQP-00142,Welding Machine,13814,31.13,0.9978,1206.85
EQP-00143,Welding Machine,2491,10.42,0.9958,1609.17
EQP-00144,Crane,10388,31.54,0.997,3169.63
EQP-00145,Excavator,7890,62.4,0.9922,2461.24
EQP-00146,Manlift,12198,49.59,0.996,524.4
EQP-00147,Crane,11373,40.57,0.9964,3743.63
EQP-00148,Manlift,14298,81.1,0.9944,2201.69
EQP-00149,Manlift,13052,26.31,0.998,7025.32
EQP-00150,Concrete Pump,10191,11.25,0.9989,3954.22
EQP-00151,Manlift,8395,10.69,0.9987,26517.46
EQP-00152,Concrete Pump,19410,23.54,0.9988,640.8
EQP-00153,Welding Machine,10212,21.62,0.9979,3983.8
EQP-00154,Manlift,6572,48.49,0.9927,13757.46
EQP-00155,Compressor,4516,19.45,0.9957,7446.59
EQP-00156,Crane,4843,6.01,0.9988,861.63
EQP-00157,Concrete Pump,18638,8.43,0.9995,1132.39
EQP-00158,Concrete Pump,14823,55.37,0.9963,1426.85
EQP-00159,Compressor,2127,23.2,0.9892,4116.24
EQP-00160,Concrete Pump,5333,47.04,0.9913,1818.99
EQP-00161,Concrete Pump,12251,13.04,0.9989,20601.61
EQP-00162,Welding Machine,15614,23.93,0.9985,2053.74
EQP-00163,Forklift,2379,28.67,0.9881,5975.8
EQP-00164,Forklift,13532,7.72,0.9994,35004.15
EQP-00165,Forklift,12800,25.36,0.998,6237.33
EQP-00166,Manlift,3815,10.11,0.9974,3631.02
EQP-00167,Manlift,9966,107.43,0.9893,22058.76
EQP-00168,Crane,1740,50.91,0.9716,1050.63
EQP-00169,Concrete Pump,19266,75.46,0.9961,391.37
EQP-00170,Welding Machine,19250,15.04,0.9992,2702.94
EQP-00171,Excavator,7787,6.6,0.9992,1591.99
EQP-00172,Concrete Pump,19681,57.98,0.9971,1265.66
EQP-00173,Excavator,17106,59.91,0.9965,52006.43
EQP-00174,Compressor,1306,44.38,0.9671,7943.67
EQP-00175,Generator,17233,77.22,0.9955,1767.84
EQP-00176,Excavator,9458,58.2,0.9939,1718.82
EQP-00177,Manlift,6447,42.12,0.9935,9343.76
EQP-00178,Manlift,18766,16.22,0.9991,184.12
EQP-00179,Crane,11485,14.85,0.9987,11333.96
EQP-00180,Crane,1045,13.17,0.9876,10498.72
EQP-00181,Concrete Pump,17966,14.92,0.9992,2285.08
EQP-00182,Generator,4687,32.98,0.993,860.84
EQP-00183,Crane,3335,28.18,0.9916,456.61
EQP-00184,Generator,8261,25.07,0.997,2656.02
EQP-00185,Forklift,4657,2.32,0.9995,984.9
EQP-00186,Excavator,6733,41.18,0.9939,758.85
EQP-00187,Generator,9945,46.28,0.9954,5758.81
EQP-00188,Excavator,6448,41.04,0.9937,7580.4
EQP-00189,Crane,16349,6.56,0.9996,9917.88
EQP-00190,Compressor,1868,13.32,0.9929,3357.13
EQP-00191,Welding Machine,5685,104.62,0.9819,1908.25
EQP-00192,Welding Machine,19904,33.63,0.9983,881.76
EQP-00193,Compressor,19368,103.94,0.9947,987.31
EQP-00194,Forklift,3054,52.73,0.983,13354.36
EQP-00195,Generator,10356,56.32,0.9946,4487.05
EQP-00196,Forklift,14744,35.54,0.9976,641.74
EQP-00197,Concrete Pump,16920,100.87,0.9941,4049.13
EQP-00198,Compressor,3044,33.65,0.9891,802.58
EQP-00199,Excavator,1298,34.92,0.9738,2803.33
EQP-00200,Crane,18490,104.62,0.9944,3022.18
EQP-00201,Manlift,11496,34.49,0.997,813.29
EQP-00202,Forklift,3728,17.54,0.9953,5505.3
EQP-00203,Concrete Pump,6935,5.21,0.9992,9846.21
EQP-00204,Excavator,3209,67.46,0.9794,1081.33
EQP-00205,Compressor,3786,43.05,0.9888,13971.81
EQP-00206,Compressor,15285,30.03,0.998,2032.6
EQP-00207,Compressor,18492,28.38,0.9985,4037.83
EQP-00208,Generator,8617,19.6,0.9977,1840.16
EQP-00209,Concrete Pump,3284,40.9,0.9877,1673.23
EQP-00210,Excavator,13671,11.43,0.9992,319.19
EQP-00211,Manlift,12924,34.14,0.9974,12797.79
EQP-00212,Concrete Pump,13090,44.64,0.9966,770.21
EQP-00213,Manlift,15595,17.43,0.9989,2015.22
EQP-00214,Excavator,164,106.84,0.6055,29321.38
EQP-00215,Generator,19761,102.21,0.9949,3488.65
EQP-00216,Forklift,12570,201.21,0.9842,1275.74
EQP-00217,Compressor,302,24.84,0.924,8869.04
EQP-00218,Generator,6826,41.06,0.994,4464.44
EQP-00219,Concrete Pump,6225,13.86,0.9978,2779.17
EQP-00220,Manlift,11725,18.44,0.9984,595.49
EQP-00221,Compressor,9629,20.4,0.9979,4165.69
EQP-00222,Generator,270,55.75,0.8289,307.87
EQP-00223,Crane,17683,33.02,0.9981,2633.04
EQP-00224,Manlift,6102,39.5,0.9936,785.78
EQP-00225,Manlift,7161,12.32,0.9983,13278.97
EQP-00226,Compressor,4524,16.12,0.9964,1826.09
EQP-00227,Forklift,1728,25.91,0.9852,1324.49
EQP-00228,Concrete Pump,10528,47.29,0.9955,4758.23
EQP-00229,Welding Machine,2308,29.67,0.9873,1412.83
EQP-00230,Crane,8228,27.84,0.9966,3241.86
EQP-00231,Welding Machine,3638,17.45,0.9952,5806.3
EQP-00232,Excavator,3786,65.88,0.9829,16706.65
EQP-00233,Compressor,10743,82.38,0.9924,2035.53
EQP-00234,Manlift,827,36.51,0.9577,2442.09
EQP-00235,Generator,5716,29.14,0.9949,2255.84
EQP-00236,Excavator,7291,33.49,0.9954,12068.68
EQP-00237,Manlift,16702,41.98,0.9975,749.17
EQP-00238,Forklift,3371,63.98,0.9814,3842.7
EQP-00239,Forklift,133,47.68,0.7361,4218.48
EQP-00240,Compressor,10619,42.78,0.996,4719.52
EQP-00241,Concrete Pump,16356,5.7,0.9997,5287.15
EQP-00242,Forklift,13669,18.12,0.9987,1667.64
EQP-00243,Compressor,13185,33.28,0.9975,20748.92
EQP-00244,Manlift,4291,13.57,0.9968,2856.26
EQP-00245,Manlift,11097,27.15,0.9976,9038.33
EQP-00246,Excavator,15977,26.55,0.9983,3896.16
EQP-00247,Manlift,3148,13.61,0.9957,11221.82
EQP-00248,Concrete Pump,6127,8.5,0.9986,5198.08
EQP-00249,Forklift,10558,39.62,0.9963,4671.63
EQP-00250,Crane,11714,8.63,0.9993,2073.22
EQP-00251,Concrete Pump,15044,61.24,0.9959,25674.26
EQP-00252,Concrete Pump,14720,30.58,0.9979,7481.49
EQP-00253,Compressor,11832,36.82,0.9969,2776.26
EQP-00254,Forklift,8114,23.74,0.9971,2991.68
EQP-00255,Crane,16561,53.8,0.9968,7387.15
EQP-00256,Crane,6170,10.54,0.9983,1634.52
EQP-00257,Welding Machine,18800,12.98,0.9993,3173.56
EQP-00258,Forklift,17436,25.37,0.9985,4482.12
EQP-00259,Manlift,18296,45.07,0.9975,237.57
EQP-00260,Manlift,15405,2.78,0.9998,2964.43
EQP-00261,Forklift,1376,74.36,0.9487,1635.28
EQP-00262,Crane,10935,21.48,0.998,9733.84
EQP-00263,Generator,7314,58.76,0.992,947.9
EQP-00264,Compressor,17146,54.82,0.9968,1194.18
EQP-00265,Excavator,16201,21.29,0.9987,946.95
EQP-00266,Manlift,18728,10.45,0.9994,3400.16
EQP-00267,Generator,2194,8.92,0.996,3568.18
EQP-00268,Forklift,12712,36.48,0.9971,2478.92
EQP-00269,Excavator,5799,22.88,0.9961,1375.76
EQP-00270,Crane,7383,12.61,0.9983,16884.5
EQP-00271,Excavator,4767,28.5,0.9941,2263.91
EQP-00272,Manlift,9066,14.88,0.9984,14513.23
EQP-00273,Compressor,8081,20.37,0.9975,3993.82
EQP-00274,Excavator,18775,45.8,0.9976,3403.21
EQP-00275,Concrete Pump,4549,8.7,0.9981,6528.25
EQP-00276,Generator,3198,20.19,0.9937,7738.16
EQP-00277,Concrete Pump,15949,31.63,0.998,5396.3
EQP-00278,Manlift,2452,76.78,0.9696,6228.68
EQP-00279,Crane,4278,48.63,0.9888,6910.99
EQP-00280,Welding Machine,13655,16.74,0.9988,8170.33
EQP-00281,Concrete Pump,4780,26.8,0.9944,2233.84
EQP-00282,Excavator,5421,35.41,0.9935,1932.32
EQP-00283,Compressor,6226,13.77,0.9978,2992.1
EQP-00284,Generator,1827,27.61,0.9851,2155.58
EQP-00285,Welding Machine,14959,30.86,0.9979,240.58
EQP-00286,Welding Machine,5441,26.99,0.9951,15647.23
EQP-00287,Generator,8525,78.9,0.9908,3117.15
EQP-00288,Compressor,4109,33.43,0.9919,184.28
EQP-00289,Excavator,8290,21.18,0.9975,6823.48
EQP-00290,Crane,15218,24.36,0.9984,10262.32
EQP-00291,Generator,1316,64.88,0.953,1519.63
EQP-00292,Generator,3673,36.27,0.9902,17457.84
EQP-00293,Welding Machine,19118,8.49,0.9996,1927.71
EQP-00294,Forklift,18936,7.6,0.9996,1061.02
EQP-00295,Welding Machine,7740,104.85,0.9866,1926.96
EQP-00296,Compressor,18626,4.35,0.9998,900.16
EQP-00297,Welding Machine,5245,6.74,0.9987,3562.98
EQP-00298,Forklift,15116,45.32,0.997,8313.39
EQP-00299,Concrete Pump,12823,52.49,0.9959,571.54
EQP-00300,Manlift,12003,43.68,0.9964,2516.98
EQP-00301,Generator,1991,66.7,0.9676,7333.05
EQP-00302,Excavator,6867,113.9,0.9837,980.6
EQP-00303,Excavator,636,12.79,0.9803,1663.31
EQP-00304,Excavator,10476,30.76,0.9971,1327.36
EQP-00305,Forklift,6941,15.39,0.9978,4259.95
EQP-00306,Compressor,18593,22.23,0.9988,1266.15
EQP-00307,Crane,14018,8.91,0.9994,200.39
EQP-00308,Crane,8205,80.58,0.9903,14026.12
EQP-00309,Compressor,13870,57.9,0.9958,5590.04
EQP-00310,Forklift,1340,20.55,0.9849,5880.67
EQP-00311,Excavator,18506,11.94,0.9994,3307.03
EQP-00312,Generator,16125,16.77,0.999,5911.44
EQP-00313,Excavator,4415,91.6,0.9797,896.46
EQP-00314,Forklift,11590,21.42,0.9982,3234.35
EQP-00315,Manlift,7643,5.05,0.9993,458.86
EQP-00316,Generator,5491,89.84,0.9839,4282.81
EQP-00317,Compressor,7073,19.6,0.9972,2846.24
EQP-00318,Crane,10689,22.37,0.9979,3350.6
EQP-00319,Excavator,17278,23.07,0.9987,2595.15
EQP-00320,Welding Machine,10571,53.52,0.995,6077.0
EQP-00321,Crane,19847,86.51,0.9957,4664.16
EQP-00322,Compressor,18434,33.94,0.9982,20828.64
EQP-00323,Compressor,18277,28.01,0.9985,220.36
EQP-00324,Generator,4865,58.39,0.9881,4026.03
EQP-00325,Forklift,18731,32.74,0.9983,8014.76
EQP-00326,Forklift,1259,23.23,0.9819,231.59
EQP-00327,Compressor,4375,60.28,0.9864,1347.9
EQP-00328,Excavator,17045,14.1,0.9992,244.38
EQP-00329,Welding Machine,7855,56.83,0.9928,151.89
EQP-00330,Compressor,14615,76.38,0.9948,1964.46
EQP-00331,Crane,2662,58.72,0.9784,4840.36
EQP-00332,Forklift,14151,106.78,0.9925,4680.94
EQP-00333,Generator,10178,74.48,0.9927,1520.96
EQP-00334,Generator,2360,7.07,0.997,9518.19
EQP-00335,Compressor,19224,6.84,0.9996,7262.18
EQP-00336,Forklift,9896,12.57,0.9987,4122.09
EQP-00337,Welding Machine,4569,108.09,0.9769,6564.72
EQP-00338,Welding Machine,19815,28.11,0.9986,4980.85
EQP-00339,Crane,7352,21.5,0.9971,47658.36
EQP-00340,Crane,13248,17.78,0.9987,2615.02
EQP-00341,Crane,7835,50.06,0.9937,4551.23
EQP-00342,Welding Machine,194,46.88,0.8054,1622.09
EQP-00343,Compressor,17437,27.2,0.9984,8951.48
EQP-00344,Manlift,3525,60.91,0.983,4686.01
EQP-00345,Manlift,4038,80.75,0.9804,9428.65
EQP-00346,Welding Machine,10861,59.65,0.9945,434.27
EQP-00347,Excavator,12564,43.66,0.9965,3687.54
EQP-00348,Manlift,19310,87.69,0.9955,95.54
EQP-00349,Generator,9187,29.26,0.9968,3337.64
EQP-00350,Crane,2370,12.41,0.9948,993.28
EQP-00351,Manlift,3953,87.88,0.9783,5190.86
EQP-00352,Excavator,17221,108.25,0.9938,2394.67
EQP-00353,Manlift,13318,8.57,0.9994,2020.74
EQP-00354,Excavator,7171,22.18,0.9969,6860.97
EQP-00355,Manlift,7350,53.15,0.9928,5518.38
EQP-00356,Welding Machine,10198,130.41,0.9874,13536.23
EQP-00357,Forklift,2639,15.82,0.994,9843.71
EQP-00358,Manlift,12456,34.06,0.9973,2318.58
EQP-00359,Excavator,8518,84.18,0.9902,998.51
EQP-00360,Generator,3325,63.22,0.9813,7292.48
EQP-00361,Manlift,14330,14.64,0.999,418.82
EQP-00362,Compressor,10668,31.22,0.9971,85.91
EQP-00363,Generator,2069,71.46,0.9666,4594.94
EQP-00364,Compressor,14705,85.99,0.9942,4221.93
EQP-00365,Manlift,11997,89.82,0.9926,1462.84
EQP-00366,Crane,14372,48.31,0.9966,1855.12
EQP-00367,Generator,18077,30.47,0.9983,3323.89
EQP-00368,Forklift,6102,43.44,0.9929,1249.46
EQP-00369,Forklift,14127,46.67,0.9967,3128.5
EQP-00370,Concrete Pump,1008,9.1,0.9911,357.4
EQP-00371,Excavator,7058,71.64,0.99,197.85
EQP-00372,Manlift,4569,29.3,0.9936,518.76
EQP-00373,Excavator,16068,99.63,0.9938,5860.41
EQP-00374,Manlift,3862,42.6,0.9891,1128.47
EQP-00375,Forklift,15050,8.97,0.9994,3694.09
EQP-00376,Forklift,5042,32.75,0.9935,823.83
EQP-00377,Crane,3065,12.18,0.996,749.87
EQP-00378,Welding Machine,2269,11.19,0.9951,1408.78
EQP-00379,Forklift,6858,42.61,0.9938,5423.32
EQP-00380,Excavator,14409,32.23,0.9978,3494.05
EQP-00381,Excavator,7373,49.58,0.9933,271.25
EQP-00382,Excavator,18025,39.06,0.9978,14392.04
EQP-00383,Concrete Pump,12605,28.7,0.9977,10879.71
EQP-00384,Crane,15228,29.12,0.9981,6252.51
EQP-00385,Generator,9889,41.98,0.9958,736.72
EQP-00386,Crane,19791,14.19,0.9993,393.54
EQP-00387,Manlift,15433,89.82,0.9942,8167.41
EQP-00388,Generator,2651,30.7,0.9886,2243.99
EQP-00389,Forklift,8693,16.6,0.9981,4791.56
EQP-00390,Excavator,4548,17.91,0.9961,1922.61
EQP-00391,Welding Machine,1282,19.6,0.9849,7523.9
EQP-00392,Welding Machine,4590,29.71,0.9936,3525.96
EQP-00393,Concrete Pump,6058,11.62,0.9981,1391.62
EQP-00394,Manlift,6910,37.7,0.9946,443.85
EQP-00395,Forklift,14020,27.97,0.998,2935.03
EQP-00396,Welding Machine,14783,10.21,0.9993,10244.92
EQP-00397,Manlift,7333,43.08,0.9942,2480.88
EQP-00398,Welding Machine,14604,18.28,0.9987,426.2
EQP-00399,Forklift,3209,64.08,0.9804,1725.66
EQP-00400,Generator,8762,8.57,0.999,1242.04
EQP-00401,Manlift,2771,46.44,0.9835,3969.2
EQP-00402,Excavator,1523,12.67,0.9917,11605.42
EQP-00403,Generator,8339,8.45,0.999,15210.56
EQP-00404,Forklift,4835,38.63,0.9921,1880.77
EQP-00405,Forklift,12764,27.23,0.9979,3275.8
EQP-00406,Manlift,569,49.05,0.9206,353.41
EQP-00407,Generator,12677,17.31,0.9986,3152.24
EQP-00408,Welding Machine,8726,73.83,0.9916,11596.55
EQP-00409,Welding Machine,5038,93.57,0.9818,10866.2
EQP-00410,Forklift,10875,16.16,0.9985,2920.63
EQP-00411,Welding Machine,2523,69.91,0.973,9591.02
EQP-00412,Manlift,1228,28.34,0.9774,5451.57
EQP-00413,Concrete Pump,3308,22.79,0.9932,497.44
EQP-00414,Compressor,6242,30.35,0.9952,2405.74
EQP-00415,Welding Machine,16659,21.89,0.9987,5673.47
EQP-00416,Concrete Pump,5861,27.59,0.9953,4751.28
EQP-00417,Manlift,9130,56.76,0.9938,52278.59
EQP-00418,Forklift,7906,30.75,0.9961,12452.39
EQP-00419,Crane,4519,39.46,0.9913,4181.17
EQP-00420,Welding Machine,10379,31.08,0.997,3505.71
EQP-00421,Forklift,15621,27.8,0.9982,9761.86
EQP-00422,Concrete Pump,5953,17.88,0.997,492.35
EQP-00423,Concrete Pump,18365,21.29,0.9988,1383.81
EQP-00424,Forklift,9103,21.28,0.9977,2515.75
EQP-00425,Manlift,8385,21.34,0.9975,2474.27
EQP-00426,Welding Machine,10543,21.4,0.998,4876.85
EQP-00427,Welding Machine,8249,139.92,0.9833,3806.1
EQP-00428,Manlift,6873,22.15,0.9968,183.01
EQP-00429,Compressor,18567,110.56,0.9941,4071.51
EQP-00430,Excavator,6277,29.28,0.9954,194.24
EQP-00431,Compressor,19429,30.5,0.9984,3470.02
EQP-00432,Manlift,13592,21.47,0.9984,598.21
EQP-00433,Crane,2750,8.7,0.9968,29957.51
EQP-00434,Crane,1845,35.92,0.9809,1579.52
EQP-00435,Welding Machine,1791,34.31,0.9812,2872.68
EQP-00436,Compressor,8855,8.24,0.9991,8933.37
EQP-00437,Generator,3440,28.67,0.9917,3407.11
EQP-00438,Excavator,8496,87.88,0.9898,617.6
EQP-00439,Concrete Pump,19062,17.07,0.9991,4344.14
EQP-00440,Forklift,4209,62.11,0.9855,1418.37
EQP-00441,Forklift,2319,20.76,0.9911,6339.5
EQP-00442,Compressor,5762,132.86,0.9775,3243.81
EQP-00443,Concrete Pump,6616,17.02,0.9974,838.33
EQP-00444,Generator,15050,29.74,0.998,8189.04
EQP-00445,Generator,6680,171.23,0.975,2052.5
EQP-00446,Compressor,9330,35.23,0.9962,23093.58
EQP-00447,Compressor,1744,41.6,0.9767,3838.36
EQP-00448,Compressor,12876,87.14,0.9933,3342.68
EQP-00449,Generator,13405,13.84,0.999,12777.75
EQP-00450,Manlift,19365,6.81,0.9996,10083.12
EQP-00451,Crane,2966,33.13,0.989,2077.84
EQP-00452,Concrete Pump,10821,25.61,0.9976,2495.67
EQP-00453,Manlift,2200,23.15,0.9896,5069.24
EQP-00454,Concrete Pump,7966,23.84,0.997,297.35
EQP-00455,Manlift,5074,33.32,0.9935,9441.6
EQP-00456,Manlift,7263,3.93,0.9995,2955.61
EQP-00457,Forklift,13676,22.77,0.9983,9128.59
EQP-00458,Compressor,2276,27.04,0.9883,7503.19
EQP-00459,Excavator,6516,52.9,0.9919,6691.23
EQP-00460,Generator,18779,27.82,0.9985,3193.56
EQP-00461,Forklift,851,45.23,0.9495,3312.82
EQP-00462,Concrete Pump,11556,27.09,0.9977,1011.48
EQP-00463,Forklift,8539,33.62,0.9961,494.3
EQP-00464,Generator,19709,3.55,0.9998,779.02
EQP-00465,Crane,3619,53.49,0.9854,3934.5
EQP-00466,Forklift,17846,53.87,0.997,1299.43
EQP-00467,Crane,16122,68.2,0.9958,557.6
EQP-00468,Generator,4654,12.44,0.9973,10187.52
EQP-00469,Manlift,12572,37.56,0.997,6729.32
EQP-00470,Compressor,6809,39.79,0.9942,1519.04
EQP-00471,Concrete Pump,2905,11.03,0.9962,332.26
EQP-00472,Forklift,11234,105.25,0.9907,423.56
EQP-00473,Crane,14702,85.18,0.9942,3366.86
EQP-00474,Generator,6575,40.71,0.9938,3787.88
EQP-00475,Welding Machine,10488,49.41,0.9953,1164.66
EQP-00476,Compressor,12454,2.9,0.9998,1483.39
EQP-00477,Generator,11545,46.45,0.996,819.85
EQP-00478,Manlift,11391,69.35,0.9939,2550.31
EQP-00479,Manlift,6142,11.45,0.9981,3557.41
EQP-00480,Manlift,14333,45.89,0.9968,5496.05
EQP-00481,Crane,15807,67.44,0.9958,513.15
EQP-00482,Crane,14206,67.5,0.9953,11554.03
EQP-00483,Compressor,14482,11.05,0.9992,879.48
EQP-00484,Forklift,564,56.05,0.9096,1836.63
EQP-00485,Manlift,11903,79.13,0.9934,20436.44
EQP-00486,Generator,13167,11.43,0.9991,1139.17
EQP-00487,Manlift,9601,35.84,0.9963,217.8
EQP-00488,Excavator,10892,5.09,0.9995,1001.32
EQP-00489,Crane,6271,116.29,0.9818,4001.58
EQP-00490,Forklift,10278,19.14,0.9981,871.8
EQP-00491,Generator,802,10.92,0.9866,1475.48
EQP-00492,Manlift,7125,19.38,0.9973,2245.41
EQP-00493,Concrete Pump,3823,47.49,0.9877,2680.24
EQP-00494,Generator,4278,58.42,0.9865,2063.1
EQP-00495,Crane,8571,99.13,0.9886,7508.78
EQP-00496,Crane,15218,39.26,0.9974,5358.3
EQP-00497,Generator,6542,20.86,0.9968,2202.89
EQP-00498,Compressor,4185,26.39,0.9937,1187.18
EQP-00499,Generator,17100,9.1,0.9995,5735.26
EQP-00500,Crane,6559,64.98,0.9902,4771.49
EQP-00501,Welding Machine,15416,31.03,0.998,42488.26
EQP-00502,Crane,14768,18.93,0.9987,4032.84
EQP-00503,Forklift,15895,71.54,0.9955,785.94
EQP-00504,Welding Machine,2147,52.24,0.9762,25150.16
EQP-00505,Generator,5892,33.07,0.9944,3608.9
EQP-00506,Compressor,15796,19.03,0.9988,5281.28
EQP-00507,Compressor,14633,16.81,0.9989,2741.45
EQP-00508,Welding Machine,14548,7.94,0.9995,131.33
EQP-00509,Generator,17267,22.45,0.9987,1648.86
EQP-00510,Forklift,14164,24.1,0.9983,7217.07
EQP-00511,Concrete Pump,14315,66.25,0.9954,4245.06
EQP-00512,Forklift,10179,53.44,0.9948,1192.58
EQP-00513,Forklift,13096,13.69,0.999,5418.14
EQP-00514,Manlift,934,11.93,0.9874,685.64
EQP-00515,Crane,11113,174.93,0.9845,3179.7
EQP-00516,Welding Machine,6003,22.16,0.9963,1446.26
EQP-00517,Concrete Pump,8375,8.19,0.999,4135.8
EQP-00518,Compressor,2324,25.97,0.9889,9484.94
EQP-00519,Crane,7018,49.0,0.9931,1977.16
EQP-00520,Crane,18901,3.91,0.9998,3190.06
EQP-00521,Excavator,5531,32.45,0.9942,224.26
EQP-00522,Forklift,6899,44.99,0.9935,746.65
EQP-00523,Welding Machine,5900,67.31,0.9887,2658.87
EQP-00524,Compressor,15997,19.58,0.9988,3767.34
EQP-00525,Welding Machine,14695,36.86,0.9975,3339.28
EQP-00526,Welding Machine,14314,61.25,0.9957,340.44
EQP-00527,Manlift,18548,40.41,0.9978,1265.75
EQP-00528,Crane,2755,26.62,0.9904,16011.43
EQP-00529,Welding Machine,10436,16.68,0.9984,4762.59
EQP-00530,Crane,17050,62.83,0.9963,5362.9
EQP-00531,Generator,17024,34.98,0.9979,3858.82
EQP-00532,Generator,18343,49.82,0.9973,1128.96
EQP-00533,Forklift,9407,32.62,0.9965,42101.15
EQP-00534,Compressor,12206,45.47,0.9963,3352.97
EQP-00535,Manlift,13422,24.49,0.9982,1143.02
EQP-00536,Excavator,3403,40.18,0.9883,4371.73
EQP-00537,Compressor,6136,30.94,0.995,76479.81
EQP-00538,Compressor,7129,17.99,0.9975,961.78
EQP-00539,Welding Machine,3694,24.78,0.9933,2762.22
EQP-00540,Concrete Pump,1489,15.9,0.9894,3901.66
EQP-00541,Excavator,5248,42.68,0.9919,6720.93
EQP-00542,Generator,9870,21.6,0.9978,14205.58
EQP-00543,Generator,5218,51.52,0.9902,87131.97
EQP-00544,Manlift,11731,17.67,0.9985,1073.86
EQP-00545,Generator,13687,26.18,0.9981,4456.2
EQP-00546,Forklift,17193,47.36,0.9973,6146.32
EQP-00547,Concrete Pump,2418,123.57,0.9514,318.94
EQP-00548,Manlift,16002,5.56,0.9997,2575.59
EQP-00549,Forklift,17025,116.88,0.9932,7124.67
EQP-00550,Crane,16730,13.62,0.9992,3668.76
EQP-00551,Excavator,3843,28.89,0.9925,2302.66
EQP-00552,Forklift,4965,21.25,0.9957,3324.12
EQP-00553,Compressor,5868,69.75,0.9883,1724.36
EQP-00554,Welding Machine,18245,51.72,0.9972,7696.12
EQP-00555,Manlift,10818,79.04,0.9927,1053.95
EQP-00556,Excavator,700,33.63,0.9542,1367.7
EQP-00557,Welding Machine,16698,35.78,0.9979,3305.0
EQP-00558,Welding Machine,11857,12.24,0.999,3572.8
EQP-00559,Excavator,14208,127.62,0.9911,5335.29
EQP-00560,Excavator,508,9.92,0.9808,984.2
EQP-00561,Crane,13864,32.33,0.9977,1009.28
EQP-00562,Forklift,5574,76.22,0.9865,559.81
EQP-00563,Forklift,4371,47.73,0.9892,446.48
EQP-00564,Crane,12373,31.94,0.9974,859.29
EQP-00565,Welding Machine,6331,53.98,0.9915,10306.64
EQP-00566,Forklift,1938,42.66,0.9785,10954.48
EQP-00567,Manlift,12698,1.92,0.9998,3518.7
EQP-00568,Excavator,160,47.25,0.772,6186.61
EQP-00569,Welding Machine,2113,45.28,0.979,6358.38
EQP-00570,Crane,14942,36.72,0.9975,643.1
EQP-00571,Excavator,2534,21.12,0.9917,13125.3
EQP-00572,Generator,3187,70.78,0.9783,5168.15
EQP-00573,Concrete Pump,2007,54.78,0.9734,9558.71
EQP-00574,Crane,13103,46.25,0.9965,12622.56
EQP-00575,Forklift,18972,73.37,0.9961,65317.87
EQP-00576,Welding Machine,14180,21.87,0.9985,1655.29
EQP-00577,Welding Machine,10926,43.81,0.996,30407.89
EQP-00578,Compressor,657,79.01,0.8927,8036.02
EQP-00579,Crane,18905,82.64,0.9956,5406.43
EQP-00580,Concrete Pump,18380,26.43,0.9986,43532.52
EQP-00581,Compressor,7061,45.38,0.9936,11711.24
EQP-00582,Forklift,15339,1.9,0.9999,207.81
EQP-00583,Compressor,4318,37.9,0.9913,1009.76
EQP-00584,Excavator,2046,40.53,0.9806,1652.68
EQP-00585,Welding Machine,5980,168.01,0.9727,10502.81
EQP-00586,Crane,2222,87.98,0.9619,253.23
EQP-00587,Crane,11267,58.99,0.9948,2412.36
EQP-00588,Excavator,7987,89.1,0.989,6514.91
EQP-00589,Welding Machine,4506,32.38,0.9929,718.94
EQP-00590,Excavator,4150,37.36,0.9911,12722.37
EQP-00591,Manlift,10730,92.52,0.9915,1953.31
EQP-00592,Compressor,4018,150.76,0.9638,11421.77
EQP-00593,Compressor,19536,15.33,0.9992,795.69
EQP-00594,Excavator,2055,30.46,0.9854,1947.62
EQP-00595,Concrete Pump,18582,48.13,0.9974,3137.42
EQP-00596,Welding Machine,5315,26.75,0.995,473.69
EQP-00597,Forklift,9420,54.3,0.9943,432.43
EQP-00598,Concrete Pump,3891,71.55,0.9819,283.44
EQP-00599,Excavator,10019,6.22,0.9994,1027.66
EQP-00600,Compressor,16778,23.18,0.9986,1376.02
EQP-00601,Compressor,15161,23.09,0.9985,4177.25
EQP-00602,Welding Machine,5780,15.6,0.9973,4225.44
EQP-00603,Compressor,16900,1.94,0.9999,1011.06
EQP-00604,Compressor,8034,5.86,0.9993,11293.28
EQP-00605,Compressor,7661,17.56,0.9977,6244.66
EQP-00606,Welding Machine,16762,4.67,0.9997,19146.37
EQP-00607,Crane,6674,36.01,0.9946,37356.48
EQP-00608,Manlift,18383,32.9,0.9982,479.8
EQP-00609,Forklift,4594,13.35,0.9971,2227.99
EQP-00610,Welding Machine,16047,13.85,0.9991,9844.29
EQP-00611,Manlift,19331,35.18,0.9982,928.95
EQP-00612,Excavator,12884,59.28,0.9954,1898.23
EQP-00613,Concrete Pump,12583,57.39,0.9955,1568.53
EQP-00614,Crane,16917,49.35,0.9971,1821.4
EQP-00615,Concrete Pump,15634,66.23,0.9958,326.73
EQP-00616,Crane,5156,10.24,0.998,2476.17
EQP-00617,Excavator,517,18.28,0.9658,1757.05
EQP-00618,Compressor,8027,53.51,0.9934,1714.31
EQP-00619,Excavator,8741,42.53,0.9952,1003.11
EQP-00620,Concrete Pump,5174,3.58,0.9993,7439.65
EQP-00621,Crane,10579,105.67,0.9901,3869.69
EQP-00622,Generator,2951,30.81,0.9897,3389.8
EQP-00623,Generator,100,83.06,0.5463,3927.51
EQP-00624,Generator,17756,59.13,0.9967,7473.71
EQP-00625,Forklift,18762,70.17,0.9963,2574.73
EQP-00626,Manlift,15190,21.09,0.9986,5788.87
EQP-00627,Forklift,4842,66.75,0.9864,12852.2
EQP-00628,Concrete Pump,12342,90.08,0.9928,8833.54
EQP-00629,Generator,6530,20.09,0.9969,3863.95
EQP-00630,Manlift,1699,36.63,0.9789,3020.51
EQP-00631,Welding Machine,9565,49.82,0.9948,2302.4
EQP-00632,Welding Machine,16040,28.11,0.9983,28901.79
EQP-00633,Excavator,14469,31.56,0.9978,10925.15
EQP-00634,Excavator,4171,72.64,0.9829,3998.28
EQP-00635,Manlift,12781,29.02,0.9977,1049.48
EQP-00636,Manlift,14687,6.54,0.9996,6358.11
EQP-00637,Manlift,11412,45.01,0.9961,7669.29
EQP-00638,Welding Machine,14141,22.27,0.9984,33683.64
EQP-00639,Excavator,16094,47.97,0.997,2617.88
EQP-00640,Welding Machine,18431,3.28,0.9998,1889.29
EQP-00641,Generator,2790,60.05,0.9789,17821.29
EQP-00642,Manlift,18286,34.54,0.9981,22445.83
EQP-00643,Manlift,11727,14.45,0.9988,5051.39
EQP-00644,Forklift,6974,46.98,0.9933,6424.82
EQP-00645,Generator,11816,38.28,0.9968,4710.39
EQP-00646,Generator,3779,14.13,0.9963,15472.37
EQP-00647,Excavator,7616,65.09,0.9915,4481.76
EQP-00648,Welding Machine,5807,66.16,0.9887,16190.73
EQP-00649,Welding Machine,18455,52.19,0.9972,39751.02
EQP-00650,Generator,3628,55.34,0.985,1110.71
EQP-00651,Manlift,18229,41.3,0.9977,10362.49
EQP-00652,Excavator,15277,84.67,0.9945,3811.0
EQP-00653,Excavator,11353,15.12,0.9987,2354.78
EQP-00654,Crane,12186,9.43,0.9992,8010.15
EQP-00655,Generator,11382,24.2,0.9979,1319.79
EQP-00656,Compressor,4608,63.59,0.9864,21782.26
EQP-00657,Forklift,1412,18.62,0.987,3842.01
EQP-00658,Compressor,1818,29.49,0.984,17316.99
EQP-00659,Concrete Pump,14872,32.25,0.9978,912.8
EQP-00660,Generator,7834,33.47,0.9957,12694.32
EQP-00661,Crane,10907,28.11,0.9974,1477.01
EQP-00662,Compressor,13497,31.11,0.9977,945.58
EQP-00663,Generator,532,29.46,0.9475,1609.43
EQP-00664,Concrete Pump,11212,141.14,0.9876,305.71
EQP-00665,Welding Machine,691,16.22,0.9771,1475.72
EQP-00666,Crane,8142,14.32,0.9982,5114.21
EQP-00667,Forklift,5108,18.33,0.9964,536.69
EQP-00668,Welding Machine,16874,36.5,0.9978,2152.42
EQP-00669,Crane,17986,19.11,0.9989,16700.16
EQP-00670,Forklift,11089,47.5,0.9957,4622.01
EQP-00671,Concrete Pump,5212,48.27,0.9908,5139.93
EQP-00672,Excavator,10717,27.93,0.9974,1302.27
EQP-00673,Excavator,3620,37.11,0.9899,2235.62
EQP-00674,Excavator,18924,4.34,0.9998,863.99
EQP-00675,Manlift,11388,24.75,0.9978,9369.53
EQP-00676,Concrete Pump,10560,37.24,0.9965,1059.57
EQP-00677,Crane,12303,12.08,0.999,12374.23
EQP-00678,Generator,10160,28.99,0.9972,96.18
EQP-00679,Excavator,5757,30.49,0.9947,6959.33
EQP-00680,Welding Machine,4465,11.71,0.9974,3232.68
EQP-00681,Forklift,2119,37.69,0.9825,809.78
EQP-00682,Concrete Pump,1941,78.96,0.9609,3698.11
EQP-00683,Concrete Pump,4851,24.65,0.9949,2432.17
EQP-00684,Welding Machine,10826,10.18,0.9991,624.95
EQP-00685,Welding Machine,16181,22.76,0.9986,1838.42
EQP-00686,Concrete Pump,10726,27.62,0.9974,15843.03
EQP-00687,Crane,12214,53.01,0.9957,353.67
EQP-00688,Forklift,12834,73.15,0.9943,1696.23
EQP-00689,Crane,535,56.68,0.9042,1858.7
EQP-00690,Compressor,9575,36.36,0.9962,708.32
EQP-00691,Manlift,2259,42.65,0.9815,8487.68
EQP-00692,Manlift,17582,6.59,0.9996,8664.18
EQP-00693,Excavator,4978,18.43,0.9963,24420.47
EQP-00694,Generator,17223,57.43,0.9967,5955.38
EQP-00695,Concrete Pump,7128,29.28,0.9959,70381.72
EQP-00696,Crane,12264,22.73,0.9982,886.21
EQP-00697,Excavator,15196,19.01,0.9988,10712.57
EQP-00698,Crane,11789,35.83,0.997,2785.75
EQP-00699,Generator,5617,23.02,0.9959,2616.93
EQP-00700,Manlift,5545,21.7,0.9961,6705.8
EQP-00701,Generator,19601,27.12,0.9986,1377.09
EQP-00702,Generator,8356,65.17,0.9923,917.55
EQP-00703,Manlift,6065,36.22,0.9941,299.26
EQP-00704,Crane,435,8.93,0.9799,1925.01
EQP-00705,Generator,2968,21.36,0.9929,1568.22
EQP-00706,Crane,3975,57.8,0.9857,8199.34
EQP-00707,Excavator,6686,41.66,0.9938,864.85
EQP-00708,Excavator,14170,30.42,0.9979,30013.28
EQP-00709,Compressor,12944,148.09,0.9887,9670.24
EQP-00710,Excavator,8132,13.67,0.9983,2620.08
EQP-00711,Manlift,8805,39.65,0.9955,3263.25
EQP-00712,Concrete Pump,13371,70.4,0.9948,7173.69
EQP-00713,Compressor,7927,12.97,0.9984,1415.18
EQP-00714,Concrete Pump,3132,65.42,0.9795,16599.08
EQP-00715,Welding Machine,5179,40.02,0.9923,19740.98
EQP-00716,Crane,11137,36.7,0.9967,1024.8
EQP-00717,Compressor,3468,52.49,0.9851,117176.6
EQP-00718,Concrete Pump,6913,10.27,0.9985,18679.39
EQP-00719,Manlift,14389,50.4,0.9965,1322.11
EQP-00720,Crane,14264,4.44,0.9997,202.07
EQP-00721,Excavator,16683,21.3,0.9987,4796.73
EQP-00722,Generator,14913,62.15,0.9958,11719.1
EQP-00723,Manlift,13027,41.8,0.9968,3533.3
EQP-00724,Manlift,9423,25.47,0.9973,4944.05
EQP-00725,Crane,10535,18.97,0.9982,697.51
EQP-00726,Compressor,14890,35.4,0.9976,7865.63
EQP-00727,Forklift,16773,8.61,0.9995,1564.75
EQP-00728,Concrete Pump,4076,34.41,0.9916,3053.5
EQP-00729,Welding Machine,8069,49.44,0.9939,28724.59
EQP-00730,Manlift,12278,2.52,0.9998,30746.07
EQP-00731,Compressor,14390,106.48,0.9927,8906.91
EQP-00732,Compressor,19273,39.47,0.998,1375.61
EQP-00733,Welding Machine,18568,62.33,0.9967,4155.48
EQP-00734,Generator,1089,25.92,0.9768,8464.29
EQP-00735,Crane,15082,68.73,0.9955,111.34
EQP-00736,Concrete Pump,5687,85.16,0.9852,1210.91
EQP-00737,Crane,10729,77.83,0.9928,2096.27
EQP-00738,Manlift,6417,39.55,0.9939,4949.1
EQP-00739,Concrete Pump,17538,73.56,0.9958,7374.88
EQP-00740,Excavator,8771,25.56,0.9971,231.87
EQP-00741,Compressor,2343,49.02,0.9795,3719.11
EQP-00742,Welding Machine,17010,10.13,0.9994,4295.5
EQP-00743,Crane,7621,34.07,0.9955,16185.77
EQP-00744,Concrete Pump,2664,118.1,0.9576,10235.98
EQP-00745,Concrete Pump,11580,32.55,0.9972,3439.04
EQP-00746,Generator,8955,16.91,0.9981,1433.51
EQP-00747,Excavator,15805,31.07,0.998,2357.26
EQP-00748,Welding Machine,608,9.53,0.9846,16428.13
EQP-00749,Excavator,4035,93.34,0.9774,15685.07
EQP-00750,Generator,16067,95.48,0.9941,52484.19
EQP-00751,Generator,1513,17.2,0.9888,48885.18
EQP-00752,Generator,1408,25.43,0.9823,6803.76
EQP-00753,Concrete Pump,10829,7.21,0.9993,1711.24
EQP-00754,Compressor,241,68.89,0.7777,7241.31
EQP-00755,Crane,4574,25.02,0.9946,3437.15
EQP-00756,Forklift,10836,20.74,0.9981,10600.19
EQP-00757,Manlift,16010,89.06,0.9945,1194.36
EQP-00758,Generator,6493,33.68,0.9948,584.11
EQP-00759,Manlift,1178,40.89,0.9665,5920.82
EQP-00760,Forklift,11635,43.43,0.9963,5346.42
EQP-00761,Forklift,5699,30.92,0.9946,2734.22
EQP-00762,Generator,192,30.35,0.8635,1651.28
EQP-00763,Forklift,16242,24.59,0.9985,5582.61
EQP-00764,Forklift,16069,85.25,0.9947,971.57
EQP-00765,Compressor,5578,31.41,0.9944,760.52
EQP-00766,Generator,2577,22.52,0.9913,2040.71
EQP-00767,Concrete Pump,5556,38.75,0.9931,3657.77
EQP-00768,Welding Machine,1518,33.44,0.9784,5025.62
EQP-00769,Manlift,9375,15.92,0.9983,3824.95
EQP-00770,Concrete Pump,774,57.46,0.9309,1065.7
EQP-00771,Crane,6800,5.68,0.9992,10484.31
EQP-00772,Excavator,7978,12.12,0.9985,1592.57
EQP-00773,Manlift,15675,56.3,0.9964,1005.82
EQP-00774,Excavator,18880,65.15,0.9966,1342.01
EQP-00775,Crane,4710,16.91,0.9964,764.69
EQP-00776,Manlift,6016,19.09,0.9968,6060.73
EQP-00777,Concrete Pump,9612,21.59,0.9978,10542.53
EQP-00778,Crane,13986,34.5,0.9975,3491.75
EQP-00779,Generator,16321,16.44,0.999,12817.66
EQP-00780,Concrete Pump,18793,57.78,0.9969,7321.55
EQP-00781,Excavator,5887,29.53,0.995,666.15
EQP-00782,Concrete Pump,4403,38.36,0.9914,5740.69
EQP-00783,Excavator,11345,49.87,0.9956,4892.55
EQP-00784,Manlift,16273,43.82,0.9973,1334.59
EQP-00785,Crane,1804,19.69,0.9892,772.85
EQP-00786,Forklift,12575,69.11,0.9945,31781.36
EQP-00787,Excavator,13504,188.88,0.9862,4049.03
EQP-00788,Forklift,1592,43.9,0.9732,2600.09
EQP-00789,Concrete Pump,5844,39.9,0.9932,1001.45
EQP-00790,Excavator,9371,29.99,0.9968,1174.07
EQP-00791,Crane,4835,26.98,0.9945,1289.66
EQP-00792,Excavator,407,49.53,0.8915,6713.91
EQP-00793,Forklift,14374,42.92,0.997,1417.19
EQP-00794,Forklift,15755,11.1,0.9993,6811.27
EQP-00795,Welding Machine,5705,34.36,0.994,360.13
EQP-00796,Compressor,10286,38.12,0.9963,4703.34
EQP-00797,Welding Machine,5591,7.69,0.9986,5871.71
EQP-00798,Crane,3978,9.02,0.9977,1251.52
EQP-00799,Generator,387,9.08,0.9771,1111.87
EQP-00800,Welding Machine,19571,11.2,0.9994,10617.55
EQP-00801,Compressor,6321,28.28,0.9955,1804.57
EQP-00802,Welding Machine,11145,73.3,0.9935,11219.34
EQP-00803,Crane,19087,25.24,0.9987,4378.84
EQP-00804,Crane,2140,21.09,0.9902,2768.83
EQP-00805,Generator,2820,13.25,0.9953,5216.57
EQP-00806,Concrete Pump,12441,75.28,0.994,9918.93
EQP-00807,Manlift,300,35.59,0.8939,326.05
EQP-00808,Crane,2732,20.27,0.9926,2764.75
EQP-00809,Manlift,17424,9.8,0.9994,521.49
EQP-00810,Crane,4197,89.49,0.9791,8465.15
EQP-00811,Manlift,16137,49.5,0.9969,7255.67
EQP-00812,Crane,9761,11.56,0.9988,1071.45
EQP-00813,Forklift,15852,40.46,0.9975,4466.44
EQP-00814,Welding Machine,2921,9.22,0.9969,3725.67
EQP-00815,Welding Machine,1940,32.19,0.9837,9502.93
EQP-00816,Forklift,9710,42.97,0.9956,21443.18
EQP-00817,Forklift,3828,25.36,0.9934,803.82
EQP-00818,Compressor,18063,94.68,0.9948,4789.45
EQP-00819,Crane,3918,32.34,0.9918,1116.33
EQP-00820,Compressor,2829,25.6,0.991,1895.75
EQP-00821,Crane,10555,11.82,0.9989,237.0
EQP-00822,Forklift,6061,24.04,0.996,7497.5
EQP-00823,Concrete Pump,3567,79.63,0.9782,10005.8
EQP-00824,Compressor,17288,69.43,0.996,867.66
EQP-00825,Concrete Pump,6650,41.02,0.9939,5794.96
EQP-00826,Crane,10605,52.05,0.9951,2770.8
EQP-00827,Generator,14542,37.4,0.9974,35389.09
EQP-00828,Manlift,6012,65.42,0.9892,5536.68
EQP-00829,Compressor,13336,55.02,0.9959,1749.91
EQP-00830,Manlift,18782,53.01,0.9972,3518.77
EQP-00831,Concrete Pump,8001,60.96,0.9924,1334.09
EQP-00832,Manlift,17277,57.57,0.9967,2047.17
EQP-00833,Concrete Pump,9615,57.76,0.994,4190.97
EQP-00834,Manlift,10007,35.02,0.9965,2178.7
EQP-00835,Forklift,7442,32.45,0.9957,1850.15
EQP-00836,Excavator,19952,26.58,0.9987,5353.95
EQP-00837,Excavator,12385,6.49,0.9995,7457.21
EQP-00838,Welding Machine,1388,57.88,0.96,2255.57
EQP-00839,Generator,2283,38.13,0.9836,991.82
EQP-00840,Manlift,17460,45.41,0.9974,1133.58
EQP-00841,Compressor,3672,0.92,0.9997,13518.57
EQP-00842,Compressor,3106,13.33,0.9957,2787.4
EQP-00843,Compressor,11934,39.21,0.9967,5339.18
EQP-00844,Forklift,17646,34.11,0.9981,4288.63
EQP-00845,Welding Machine,14016,27.17,0.9981,506.41
EQP-00846,Compressor,16273,33.12,0.998,6312.29
EQP-00847,Welding Machine,12723,14.11,0.9989,3908.98
EQP-00848,Welding Machine,1670,109.16,0.9386,2729.37
EQP-00849,Forklift,7790,32.73,0.9958,464.47
EQP-00850,Forklift,7846,12.59,0.9984,1147.32
EQP-00851,Generator,10115,50.79,0.995,1007.62
EQP-00852,Generator,13811,44.73,0.9968,1266.92
EQP-00853,Concrete Pump,6867,7.52,0.9989,6985.52
EQP-00854,Concrete Pump,4061,24.73,0.9939,5389.02
EQP-00855,Generator,12386,7.23,0.9994,213.96
EQP-00856,Compressor,10634,36.79,0.9966,790.76
EQP-00857,Welding Machine,14986,36.4,0.9976,3511.94
EQP-00858,Compressor,19402,33.54,0.9983,10691.18
EQP-00859,Compressor,690,44.16,0.9398,28355.14
EQP-00860,Concrete Pump,12093,25.28,0.9979,642.2
EQP-00861,Excavator,16990,19.18,0.9989,2119.81
EQP-00862,Welding Machine,12235,115.18,0.9907,3218.83
EQP-00863,Generator,19827,70.82,0.9964,1797.94
EQP-00864,Generator,19351,21.28,0.9989,446.94
EQP-00865,Excavator,172,112.75,0.604,17225.72
EQP-00866,Compressor,14277,39.82,0.9972,2268.06
EQP-00867,Compressor,14677,36.03,0.9976,615.21
EQP-00868,Generator,13100,47.7,0.9964,15289.93
EQP-00869,Welding Machine,4961,85.14,0.9831,466.68
EQP-00870,Compressor,3039,70.38,0.9774,619.61
EQP-00871,Manlift,10767,3.0,0.9997,11679.01
EQP-00872,Compressor,12123,22.04,0.9982,9601.76
EQP-00873,Welding Machine,6489,61.39,0.9906,7183.13
EQP-00874,Forklift,4566,35.7,0.9922,695.87
EQP-00875,Generator,17791,26.57,0.9985,16797.33
EQP-00876,Forklift,8502,66.54,0.9922,2258.07
EQP-00877,Welding Machine,12552,27.43,0.9978,6393.34
EQP-00878,Welding Machine,18002,37.68,0.9979,2398.32
EQP-00879,Forklift,7831,49.51,0.9937,5501.9
EQP-00880,Crane,9446,19.65,0.9979,4573.84
EQP-00881,Generator,4848,46.24,0.9906,3026.29
EQP-00882,Excavator,19736,17.86,0.9991,2049.35
EQP-00883,Excavator,5015,14.77,0.9971,4729.94
EQP-00884,Forklift,8059,7.28,0.9991,19407.67
EQP-00885,Concrete Pump,11534,79.75,0.9931,5247.47
EQP-00886,Manlift,5759,63.87,0.989,8397.68
EQP-00887,Welding Machine,3040,38.12,0.9876,2477.88
EQP-00888,Concrete Pump,4226,26.92,0.9937,20467.22
EQP-00889,Manlift,15099,17.29,0.9989,1222.66
EQP-00890,Crane,6162,67.79,0.9891,9065.46
EQP-00891,Compressor,10141,28.16,0.9972,5987.56
EQP-00892,Excavator,13198,55.51,0.9958,660.33
EQP-00893,Generator,4812,83.23,0.983,7050.25
EQP-00894,Excavator,18862,47.67,0.9975,7121.33
EQP-00895,Crane,17464,43.62,0.9975,2824.23
EQP-00896,Crane,10759,38.37,0.9964,598.81
EQP-00897,Generator,5075,119.5,0.977,2768.34
EQP-00898,Compressor,2236,118.16,0.9498,3804.15
EQP-00899,Forklift,835,21.11,0.9753,15014.74
EQP-00900,Compressor,18511,46.29,0.9975,59354.7
EQP-00901,Excavator,126,20.65,0.8592,15919.66
EQP-00902,Crane,15245,86.94,0.9943,7842.56
EQP-00903,Compressor,4822,87.42,0.9822,2844.97
EQP-00904,Generator,19818,17.22,0.9991,1709.35
EQP-00905,Generator,867,36.88,0.9592,8384.25
EQP-00906,Concrete Pump,19742,18.31,0.9991,2167.55
EQP-00907,Concrete Pump,4894,19.61,0.996,10535.33
EQP-00908,Welding Machine,3757,117.55,0.9697,981.13
EQP-00909,Welding Machine,17966,52.42,0.9971,12440.6
EQP-00910,Generator,11807,30.15,0.9975,633.4
EQP-00911,Generator,3058,81.11,0.9742,592.72
EQP-00912,Excavator,12200,97.44,0.9921,1370.74
EQP-00913,Manlift,4315,7.89,0.9982,1860.01
EQP-00914,Manlift,14624,34.68,0.9976,4056.33
EQP-00915,Generator,15900,55.56,0.9965,4525.67
EQP-00916,Compressor,16114,111.28,0.9931,2996.41
EQP-00917,Manlift,17235,44.84,0.9974,4348.98
EQP-00918,Compressor,14913,6.9,0.9995,795.78
EQP-00919,Forklift,7517,36.99,0.9951,5608.49
EQP-00920,Excavator,4807,4.19,0.9991,31831.95
EQP-00921,Excavator,6341,51.72,0.9919,3280.03
EQP-00922,Forklift,4528,50.04,0.9891,1740.72
EQP-00923,Manlift,7469,40.74,0.9946,4978.96
EQP-00924,Generator,7171,81.76,0.9887,2689.93
EQP-00925,Manlift,2180,9.52,0.9957,1155.5
EQP-00926,Excavator,8426,29.24,0.9965,683.95
EQP-00927,Excavator,10601,15.21,0.9986,1167.44
EQP-00928,Forklift,13760,27.69,0.998,6101.78
EQP-00929,Concrete Pump,2466,26.65,0.9893,6646.45
EQP-00930,Forklift,406,35.46,0.9197,1061.23
EQP-00931,Excavator,10180,46.19,0.9955,4175.65
EQP-00932,Concrete Pump,15787,54.74,0.9965,8897.04
EQP-00933,Excavator,16827,83.5,0.9951,6366.79
EQP-00934,Generator,6269,40.13,0.9936,6916.19
EQP-00935,Welding Machine,16027,24.56,0.9985,1745.08
EQP-00936,Crane,11193,91.23,0.9919,1687.67
EQP-00937,Forklift,2676,17.35,0.9936,6362.43
EQP-00938,Compressor,8518,24.73,0.9971,8777.96
EQP-00939,Generator,1667,79.4,0.9545,1396.64
EQP-00940,Forklift,8785,56.98,0.9936,1642.43
EQP-00941,Compressor,1504,29.73,0.9806,4800.32
EQP-00942,Excavator,10360,23.13,0.9978,4288.35
EQP-00943,Forklift,18763,31.68,0.9983,9042.03
EQP-00944,Welding Machine,7645,63.48,0.9918,1759.25
EQP-00945,Generator,416,45.41,0.9016,11032.12
EQP-00946,Manlift,4487,14.98,0.9967,2736.95
EQP-00947,Compressor,3391,43.99,0.9872,958.81
EQP-00948,Crane,3351,25.53,0.9924,25272.5
EQP-00949,Crane,2957,22.47,0.9925,1901.22
EQP-00950,Concrete Pump,9405,52.04,0.9945,840.07
EQP-00951,Manlift,16625,32.06,0.9981,1213.79
EQP-00952,Compressor,9718,41.73,0.9957,127.72
EQP-00953,Forklift,14876,37.61,0.9975,4837.01
EQP-00954,Excavator,8642,26.07,0.997,2220.3
EQP-00955,Forklift,2185,23.54,0.9893,2764.55
EQP-00956,Compressor,10596,92.03,0.9914,9419.79
EQP-00957,Welding Machine,16288,31.71,0.9981,2008.48
EQP-00958,Compressor,8140,60.61,0.9926,3953.46
EQP-00959,Excavator,9836,14.07,0.9986,2408.14
EQP-00960,Excavator,1397,85.62,0.9423,5965.73
EQP-00961,Excavator,2071,25.76,0.9877,567.2
EQP-00962,Compressor,4785,41.58,0.9914,3305.02
EQP-00963,Forklift,9025,30.97,0.9966,8430.74
EQP-00964,Crane,7262,51.04,0.993,587.24
EQP-00965,Excavator,16644,35.75,0.9979,750.7
EQP-00966,Manlift,17352,23.87,0.9986,693.95
EQP-00967,Manlift,12670,11.16,0.9991,380.35
EQP-00968,Manlift,4114,45.31,0.9891,4350.52
EQP-00969,Forklift,6845,33.79,0.9951,1655.46
EQP-00970,Forklift,18645,10.02,0.9995,1836.18
EQP-00971,Generator,3854,42.28,0.9891,4254.19
EQP-00972,Compressor,19820,84.44,0.9958,13133.74
EQP-00973,Crane,18199,34.8,0.9981,1814.7
EQP-00974,Crane,7502,17.88,0.9976,546.63
EQP-00975,Forklift,278,12.82,0.9559,437.82
EQP-00976,Manlift,1358,42.33,0.9698,6601.36
EQP-00977,Excavator,247,27.72,0.8991,56138.74
EQP-00978,Forklift,14392,12.94,0.9991,494.73
EQP-00979,Welding Machine,18906,143.16,0.9925,611.24
EQP-00980,Generator,1410,27.42,0.9809,1364.37
EQP-00981,Forklift,5795,44.61,0.9924,2039.89
EQP-00982,Compressor,8556,53.65,0.9938,8656.18
EQP-00983,Crane,19272,8.45,0.9996,1203.94
EQP-00984,Forklift,8380,56.88,0.9933,11148.06
EQP-00985,Concrete Pump,8767,39.02,0.9956,5237.88
EQP-00986,Compressor,7856,88.03,0.9889,2068.94
EQP-00987,Crane,16258,38.7,0.9976,13153.73
EQP-00988,Generator,10697,79.79,0.9926,2789.05
EQP-00989,Excavator,13937,17.87,0.9987,2753.34
EQP-00990,Excavator,13249,34.01,0.9974,1197.7
EQP-00991,Concrete Pump,3699,19.59,0.9947,14348.93
EQP-00992,Welding Machine,6402,48.54,0.9925,2236.43
EQP-00993,Welding Machine,8546,13.68,0.9984,1419.89
EQP-00994,Compressor,9036,7.07,0.9992,3950.17
EQP-00995,Concrete Pump,14770,18.88,0.9987,4338.37
EQP-00996,Concrete Pump,8122,56.48,0.9931,4415.57
EQP-00997,Generator,16303,24.93,0.9985,1133.31
EQP-00998,Generator,18647,11.92,0.9994,12530.91
EQP-00999,Forklift,2224,41.2,0.9818,2067.5
EQP-01000,Compressor,544,51.41,0.9137,10036.59
